{
  "cam_K": {
    "rows": 3,
    "cols": 4,
    "data": [
      [
        1903.3,
        0.0,
        3828.0,
        0.0
      ],
      [
        0.0,
        1904.73,
        2150.54,
        0.0
      ],
      [
        0.0,
        0.0,
        1.0,
        0.0
      ]
    ]
  },
  "cam_dist": {
    "cols": 5,
    "data": [
      -0.015362,
      -0.047965,
      0.059126,
      -0.02846,
      0
    ]
  },
  "T_lidar_to_cam": {
    "rows": 4,
    "cols": 4,
    "data": [
      [
        0.0028590998804231787,
        -0.9998633192851824,
        -0.0162839889428642,
        -0.009723393775309857
      ],
      [
        -0.25025492042615677,
        0.015050480366538837,
        -0.9680629927041083,
        -0.017576054316608785
      ],
      [
        0.9681757590181503,
        0.006842937143799317,
        -0.25017768457813,
        -2.0330533692837225
      ],
      [
        0.0,
        0.0,
        0.0,
        1.0
      ]
    ]
  },
  "T_lidar_to_cam_gt": {
    "available": true,
    "rows": 4,
    "cols": 4,
    "data": [
      [
        0.0028590998804231787,
        -0.9998633192851824,
        -0.0162839889428642,
        -0.009723393775309857
      ],
      [
        -0.25025492042615677,
        0.015050480366538837,
        -0.9680629927041083,
        -0.017576054316608785
      ],
      [
        0.9681757590181503,
        0.006842937143799317,
        -0.25017768457813,
        -2.0330533692837225
      ],
      [
        0.0,
        0.0,
        0.0,
        1.0
      ]
    ]
  },
  "img_folder": "images",
  "mask_folder": "processed_masks",
  "pc_folder": "pc",
  "img_format": ".png",
  "pc_format": ".pcd",
  "file_name": [
    "000000",
    "000001",
    "000002"
  ],
  "params": {
    "min_plane_point_num": 2000,
    "cluster_tolerance": 0.25,
    "search_num": 4000,
    "search_range": {
      "rot_deg": 5,
      "trans_m": 0.5
    },
    "point_range": {
      "top": 0.4,
      "bottom": 1.0
    },
    "down_sample": {
      "is_valid": true,
      "voxel_m": 0.05
    },
    "thread": {
      "is_multi_thread": true,
      "num_thread": 4
    }
  }
}