{

    "T_lidar_to_cam": {

        "rows": 4,

        "cols": 4,

        "data": [

            [

                0.006720175696242753,

                -0.9999672232712375,

                0.004515708341187231,

                0.0

            ],

            [

                0.0002970815695370679,

                -0.0045138136466999846,

                -0.9999897685621109,

                0.0

            ],

            [

                0.9999773752346364,

                0.006721448472904083,

                0.0002667382114091207,

                25.186249457465685

            ],

            [

                0.0,

                0.0,

                0.0,

                1.0

            ]

        ]

    }

}
