{
  "intrinsic_params": {
    "fx": 4567.32,
    "fy": 4566.75,
    "cx": 1915.45,
    "cy": 1103.16,
    "k1": -0.056582,
    "k2": 0.091158,
    "p1": -0.000124,
    "p2": 0.000981,
    "camera": "fnc_c",
    "k3": 0.103344,
    "k4": 0.261091,
    "k5": 0,
    "k6": 0,
    "camera_model": "normal"
  },
  "extrinsic_params": {
    "roll": -89.2244907724005,
    "pitch": 0.10387511261219569,
    "yaw": -89.71158524197823,
    "px": 2.457551511390636,
    "py": -0.008380862225014017,
    "pz": -0.5250677386953596,
    "translation_error": 0.042503530083998514,
    "plane_translation_error": 0.01200164454532506,
    "rotation_error": 2.518513864952511,
    "reprojection_error": 34.44052855429771,
    "quaternion": {
      "x": -0.4969820501036487,
      "y": 0.49973186262496166,
      "z": -0.5021100355567765,
      "w": 0.501161071458402
    },
    "camera_coordinate": "OPTICAL"
  }
}
