{
  "cam_K": {
    "rows": 3,
    "cols": 3,
    "data": [
      [
        4567.32,
        0.0,
        1915.45
      ],
      [
        0.0,
        4566.75,
        1103.16
      ],
      [
        0.0,
        0.0,
        1.0
      ]
    ]
  },
  "cam_dist": {
    "cols": 5,
    "data": [
      0,
      0,
      0,
      0,
      0
    ]
  },
  "T_lidar_to_cam": {
    "rows": 4,
    "cols": 4,
    "data": [
      [
        0.00503375760774305,
        -0.9999856871246217,
        -0.001812961732811591,
        -0.021703388605049077
      ],
      [
        0.013525479459947642,
        0.001880903593916905,
        -0.9999067574564384,
        -0.5582425789390597
      ],
      [
        0.999895855921868,
        0.005008767070701248,
        0.013534753884220985,
        -2.4501469315514974
      ],
      [
        0.0,
        0.0,
        0.0,
        1.0
      ]
    ]
  },
  "T_lidar_to_cam_gt": {
    "available": false,
    "rows": 0,
    "cols": 0,
    "data": []
  },
  "img_folder": "images",
  "mask_folder": "processed_masks",
  "pc_folder": "pc",
  "img_format": ".png",
  "pc_format": ".pcd",
  "file_name": [
    "000000",
    "000001",
    "000002",
    "000003",
    "000004",
    "000005",
    "000006",
    "000007",
    "000008",
    "000009"
  ],
  "params": {
    "min_plane_point_num": 2000,
    "cluster_tolerance": 0.25,
    "search_num": 4000,
    "search_range": {
      "rot_deg": 5,
      "trans_m": 0.5
    },
    "point_range": {
      "top": 0.0,
      "bottom": 1.0
    },
    "down_sample": {
      "is_valid": false,
      "voxel_m": 0.05
    },
    "thread": {
      "is_multi_thread": true,
      "num_thread": 8
    }
  }
}